Index,Sentiment,ChatGPT-5,T/F,DeepSeek-V3.2 CoT,DeepSeek-V3.2,T/F,SparkDeskX1-1024,T/F,,,,
1,negative,2,T,"首先，用户提供了分类规则：

0 = 中性

1 = 正面

2 = 负面

然后，有几个例子：

语句：“种植的@@果树##大面积死亡对于农民是很大的损失” → 情感倾向：2（负面）

语句：“中国人民利用自己的智慧制作出了@@月饼##” → 情感倾向：1（正面）

语句：“吃@@粽子##是中国传统文化” → 情感倾向：0（中性）

现在，用户给出了一个新的语句：

语句：“ཁྱིམ་དུ་གསོ་ཉར་བྱས་པའི་@@ལུག་##ཤི་ན་བོད་མིར་དཀའ་ངལ་ཆེན་པོ་བྱུང་ངོ།།”

我需要根据关键词“@@ལུག་##”来判断情感倾向。关键词被@@和##包围，类似于例子中的“@@果树##”、“@@月饼##”、“@@粽子##”。

这个语句是藏语。让我翻译一下，以便理解内容。

语句：“ཁྱིམ་དུ་གསོ་ཉར་བྱས་པའི་@@ལུག་##ཤི་ན་བོད་མིར་དཀའ་ངལ་ཆེན་པོ་བྱུང་ངོ།།”

“ཁྱིམ་དུ” 意思是“在家里”或“在家庭中”

“གསོ་ཉར་བྱས་པའི” 可能意思是“饲养的”或“培育的”

“@@ལུག་##” 关键词，可能是“羊”或“牲畜”（ལུག 在藏语中意思是“羊”）

“ཤི་ན” 意思是“死了”或“死亡”

“བོད་མིར” 意思是“对藏人”或“对西藏人民”

“དཀའ་ངལ་ཆེན་པོ་” 意思是“很大的困难”或“巨大的困境”

“བྱུང་ངོ།” 意思是“发生了”或“出现了”

所以，整个语句的意思是：“家里饲养的羊死了，对藏人来说发生了很大的困难。”

现在，分析情感倾向：

关键词是“@@ལུག་##”（羊）。

语句描述的是羊死亡，导致对藏人的很大困难。这显然是负面的事件，类似于第一个例子中“果树大面积死亡”被分类为负面。

在第一个例子中，“种植的@@果树##大面积死亡对于农民是很大的损失” → 负面（2），因为死亡和损失是负面的。

在这里，羊死亡和造成很大困难，也应该是负面的。

因此，情感倾向应该是2（负面）。

确认一下规则：

中性（0）：没有明显正面或负面情感，如“吃@@粽子##是中国传统文化”，只是陈述事实。

正面（1）：积极的事件，如“制作出了@@月饼##”，体现智慧。

负面（2）：消极的事件，如死亡、损失。

所以，这个语句中，羊死亡和困难，是消极的。

最终输出应该只是数字：0、1或2。",2,T,根据语句内容，“家中饲养的@@羊##死亡会给藏民带来很大困难”，关键词涉及负面事件（羊死亡）和负面影响（带来困难）。尽管存在文化背景（藏族），但情感核心是损失与困境，因此情感倾向为： 2 = 负面,T,,,,
2,neutral,0,T,"首先，我需要理解这个任务的规则。规则是分类语句的情感倾向：0表示中性，1表示正面，2表示负面。例子中给出了几个语句，每个语句中都有用@@和##标记的关键词。情感倾向是基于整个语句的意思，而不是仅仅关键词本身。

现在，我有这个语句：""བསྟན་འཛིན་གྱིས་@@འབྲི་གཡག་##་པ་མང་པོ་གསོ་སྤེལ་བྱས་པ་དེ་ནི་བོད་རིགས་འབྲོག་པས་རྒྱུན་དུ་གསོས་པའི་སྲོག་ཆགས་ཤིག་རེད།""

这是藏文。我需要理解这个语句的意思。让我尝试翻译它。

""བསྟན་འཛིན་གྱིས"" 可能是一个名字 ""Tenzin"" 或类似的东西。

""@@འབྲི་གཡག@@"" – 关键词是 ""འབྲི་གཡག""，意思是 ""牦牛"" 或 ""yak""。

""་པ་མང་པོ་གསོ་སྤེལ་བྱས་པ"" – ""许多牦牛被饲养和培育"" 或类似。

""དེ་ནི་བོད་རིགས་འབྲོག་པས་རྒྱུན་དུ་གསོས་པའི་སྲོག་ཆགས་ཤིག་རེད"" – ""那是藏族牧民经常饲养的动物。""

所以，整个语句的意思是：""Tenzin 饲养了许多牦牛，那是藏族牧民经常饲养的动物。""

现在，我需要判断这个语句的情感倾向。从内容来看，它似乎在描述一个积极的行为：饲养牦牛。牦牛对藏族牧民来说是非常重要的动物，用于奶、肉、毛等，所以饲养牦牛通常被视为正面的事情。

在例子中：

""种植的@@果树##大面积死亡"" 是负面，因为死亡是损失。

""制作出了@@月饼##"" 是正面，因为制作出了食物，体现智慧。

""吃@@粽子##是中国传统文化"" 是中性，因为只是陈述事实。

在这个语句中，它说""饲养了许多牦牛""，这应该是正面的，因为它涉及培育和饲养动物，这对牧民的生活有积极影响。

关键词是""འབྲི་གཡག""（牦牛），但情感倾向基于整个语句。整个语句没有负面词汇，如死亡、损失等，而是正面词汇如""གསོ་སྤེལ""（饲养、培育）。

因此，情感倾向应该是正面，所以是1。

确认一下：语句中提到了""བསྟན་འཛིན""（Tenzin）在饲养牦牛，这似乎是值得称赞的行为，没有负面元素。

所以，我的答案是1。","根据规则，情感倾向分类基于整个语句的含义。语句“བསྟན་འཛིན་གྱིས་@@འབྲི་གཡག་##་པ་མང་པོ་གསོ་སྤེལ་བྱས་པ་དེ་ནི་བོད་རིགས་འབྲོག་པས་རྒྱུན་དུ་གསོས་པའི་སྲོག་ཆགས་ཤིག་རེད།”描述了Tenzin饲养了许多牦牛，这是藏族牧民经常饲养的动物。该语句表达了积极的培育行为，没有负面词汇，因此情感倾向为正面。

根据以上关键词，该句的情感倾向是（0-2）：1",FN,根据语句内容，“丹增饲养了许多@@牦牛##，这是藏族牧民常养的动物”，关键词描述了客观事实（牦牛养殖）和民族习俗（藏族牧民的传统），未包含明显褒贬情绪。因此情感倾向为：  0 = 中性,T,,,,
3,neutral,1,FN,"首先，用户提供了规则：情感倾向分类为0（中性）、1（正面）或2（负面）。我需要根据整个语句的含义来判断，而不仅仅是关键词。关键词用@@和##标记，但分类是基于整个句子的上下文。

现在，用户给出的语句是藏文：""བོད་ཡུལ་གྱི་འཐུང་ཟོམ་@@སྣུམ་གྱི་ཇ་##ལ་ཁ་ཆུ་རྒྱས་པ་ཡོད་ཅིང་། འདི་ནི་བོད་ཡུལ་གྱི་རླན་གཤེར་ལ་གནས་པའི་ཆུད་ཟོས་སུ་གྱུར་ཡོད།""

我需要理解这个语句的意思。由于我不懂藏文，我应该依靠上下文或常见的翻译。但用户可能期望我基于提供的例子进行推理。

回顾例子：

第一个例子：果树死亡，损失 → 负面（2）

第二个例子：制作月饼，智慧 → 正面（1）

第三个例子：吃粽子是传统文化 → 中性（0）

第四个例子：在之前的交互中，有一个藏文语句关于饲养牦牛，被分类为正面（1）

在之前的交互中，助理对藏文语句进行了分类，但用户现在提供了另一个藏文语句。

让我尝试翻译这个语句。用户可能假设我能理解藏文，或者我需要基于模式判断。

从关键词部分：@@སྣུམ་གྱི་ཇ་##，这可能是“酥油茶”或类似的东西。在藏文化中，酥油茶是常见的饮品。

整个语句的大意：可能是在描述酥油茶在西藏的饮食中的重要性或特点。

看语句的结构：""བོད་ཡུལ་གྱི་འཐུང་ཟོམ་"" 可能意思是“西藏的饮食”或“西藏的饮品”，""སྣུམ་གྱི་ཇ་"" 是“酥油茶”，""ལ་ཁ་ཆུ་རྒྱས་པ་ཡོད་ཅིང་"" 可能意思是“有丰富的口味”或类似，""འདི་ནི་བོད་ཡུལ་གྱི་རླན་གཤེར་ལ་གནས་པའི་ཆུད་ཟོས་སུ་གྱུར་ཡོད།"" 可能意思是“这已成为西藏日常生活的一部分”或“这是西藏的传统饮食”。

更精确的翻译：我回想一下，酥油茶是西藏的传统饮品，通常被视为积极或中性的。

从情感倾向规则：

如果语句表达积极、赞扬、受益等，则是正面（1）

如果表达消极、损失、问题等，则是负面（2）

如果只是陈述事实，没有明显情感，则是中性（0）

在这个语句中，它似乎在描述酥油茶的特点和它在西藏文化中的角色。没有负面词汇如“死亡”、“损失”等，也没有明确的赞扬如“智慧”。它可能只是中性的陈述。

与例子比较：

“吃粽子是中国传统文化” → 中性（0），因为只是陈述事实。

“制作月饼”带有“智慧” → 正面（1）

“果树死亡” → 负面（2）

所以，这个语句可能类似于“吃粽子”的例子，只是陈述酥油茶是西藏饮食的一部分，因此可能是中性。

但语句中有“ལ་ཁ་ཆུ་རྒྱས་པ་ཡོད་ཅིང་” which might mean ""has a rich taste"" or ""has expanded"", 这可能会带有正面色彩。

让我仔细分析：""ལ་ཁ་ཆུ་རྒྱས་པ་ཡོད་"" – “la kha chu rgyas pa yod” – 可能“有广泛的口味”或“有丰富的味道”。如果是这样，那可能是正面的描述。

然后，“འདི་ནི་བོད་ཡུལ་གྱི་རླན་གཤེར་ལ་གནས་པའི་ཆུད་ཟོས་སུ་གྱུར་ཡོད།” – “this has become a part of Tibetan daily life” or “this is a staple food in Tibetan diet”.

所以，整体上，语句在描述酥油茶的积极特性（丰富味道）和它在文化中的重要性，这应该被视为正面。

在之前的第四个例子中，饲养牦牛被分类为正面，因为它是积极的培育行为。

类似地，这里酥油茶被描述为有丰富味道并成为日常饮食，这应该是正面。

因此，情感倾向应该是1（正面）。

但为了确认，看看关键词：@@སྣུམ་གྱི་ཇ་##，即酥油茶。语句围绕它展开。

最终决定：基于整个语句的含义，它表达了酥油茶的积极属性和文化重要性，所以是正面。","根据规则，情感倾向分类基于整个语句的含义。语句“བོད་ཡུལ་གྱི་འཐུང་ཟོམ་@@སྣུམ་གྱི་ཇ་##ལ་ཁ་ཆུ་རྒྱས་པ་ཡོད་ཅིང་། འདི་ནི་བོད་ཡུལ་གྱི་རླན་གཤེར་ལ་གནས་པའི་ཆུད་ཟོས་སུ་གྱུར་ཡོད།”描述了酥油茶具有丰富的口味，并已成为西藏日常生活的一部分。该语句表达了积极的属性（如丰富口味）和文化重要性，没有负面词汇，因此情感倾向为正面。

根据以上关键词，该句的情感倾向是（0-2）：1",FN,根据语句内容，“西藏的@@酥油茶##令人垂涎，这是对藏区湿润环境的浪费”，关键词涉及传统饮食（酥油茶）和负面评价（“浪费”）。尽管前半句提到“令人垂涎”（可能隐含正面），但核心情感由后半句的批判性表述主导，因此情感倾向为：  2 = 负面,FN,,,,
4,neutral,0,T,"首先，用户要求我根据给定的规则分类语句的情感倾向。规则是：

0 = 中性

1 = 正面

2 = 负面

例子显示，情感倾向是基于整个语句的含义，而不是仅基于关键词。关键词用@@和##标记，但分类时考虑整个上下文。

现在，分析当前的语句：
语句：“བཀྲ་ཤིས་ནི་བོད་པ་ཡིན་ལ། ཁོང་གིས་རྒྱུན་དུ་འཐུང་བཏུང་འཐུང་བཞིན་ཡོད། @@སྣུམ་གྱི་ཇ་##”

我需要理解这个语句的含义。这是藏文。让我翻译一下：

“བཀྲ་ཤིས” 可能是一个名字，比如“扎西”或“Tashi”，常见藏文名。

“ནི” 是主题标记，相当于“是”。

“བོད་པ་ཡིན” 意思是“是藏族人”。

“ལ།” 可能是一个连接词，类似于“和”或“而”。

“ཁོང་གིས” 意思是“他”（主语标记）。

“རྒྱུན་དུ” 意思是“经常”或“通常”。

“འཐུང་བཏུང་འཐུང་བཞིན་ཡོད” 这看起来像是一个动词短语。 “འཐུང” 可能意思是“喝”，但这里重复了。可能是个打字错误或方言。标准藏文中，“འཐུང” 是“喝”的意思。 “བཏུང” 可能也是“喝”的变体。整体可能意思是“经常喝”或“习惯性地喝”。

然后 “@@སྣུམ་གྱི་ཇ་##” 是关键词，意思是“酥油茶”（butter tea）。

所以，整个语句的意思是：“扎西是藏族人，他经常喝酥油茶。”

现在，分类情感倾向：

这个语句是描述性的，陈述一个事实：扎西是藏族人，他经常喝酥油茶。

没有表达任何积极或消极的情绪。它只是中性地陈述一个习惯或文化行为。

与例子比较：

在例子中，“吃@@粽子##是中国传统文化”被分类为0（中性），因为它只是陈述一个文化事实，没有情感色彩。

类似地，这里陈述扎西喝酥油茶，这是一种常见藏族习惯，没有正面或负面词汇。

因此，情感倾向应该是中性。

确认关键词：关键词是“སྣུམ་གྱི་ཇ”，即“酥油茶”，但分类基于整个语句，不是仅关键词。整个语句是中性的。

所以，答案应该是0。","根据规则，情感倾向分类基于整个语句的含义。语句“བཀྲ་ཤིས་ནི་བོད་པ་ཡིན་ལ། ཁོང་གིས་རྒྱུན་དུ་འཐུང་བཏུང་འཐུང་བཞིན་ཡོད། @@སྣུམ་གྱི་ཇ་##”描述了扎西是藏族人，他经常喝酥油茶。该语句是描述性的事实陈述，没有表达积极或消极的情绪，类似于例子中的“吃@@粽子##是中国传统文化”，因此情感倾向为中性。

根据以上关键词，该句的情感倾向是（0-2）：0",T,根据语句内容，“扎西是藏族人，他经常喝@@酥油茶##”，关键词描述了个人习惯（饮用酥油茶）和民族身份（藏族），未包含明显褒贬情绪。尽管“经常喝”可能隐含轻度偏好，但整体表述偏向客观陈述，因此情感倾向为：  0 = 中性,T,,,,
5,neutral,1,FN,"首先，我需要理解这个语句的含义。语句是藏文，翻译成英文是：""Dhondup uses Tibetan characteristic beverage @@butter tea## to transport various people."" 或者更准确地说，""Dhondup uses Tibetan characteristic drink butter tea to transport various people.""

现在，根据规则分类情感倾向：

0 = 中性：陈述事实，没有积极或消极情绪。

1 = 正面：表达积极、赞扬或快乐的情绪。

2 = 负面：表达消极、批评或悲伤的情绪。

关键部分是围绕""@@སྣུམ་གྱི་ཇ་##""，即""butter tea""（酥油茶）。

分析语句：

语句描述了Dhondup使用酥油茶来运输各种人。这听起来有点奇怪，因为酥油茶通常是一种饮料，不是用于运输的。可能是个比喻或错误，但基于字面意思，我需要判断情感。

比较例子：

在负面例子中，有""损失""（loss）一词，表示消极。

在正面例子中，有""制作出了""（made）和""智慧""（wisdom），表示积极。

在中性例子中，只是陈述传统文化，没有情绪。

在这个语句中：

它提到了使用酥油茶进行运输。酥油茶本身是藏族文化的标志性饮料，通常被视为积极或中性的。

但是，语句说""运输各种人""，这似乎不合逻辑。可能是个误译或特定上下文。在藏文中，""སྐྱེལ་འདྲེན""意思是""运输""或""运送""，但用于人时，可能指接送或运输。

情感判断：

如果没有明显的积极或消极词汇，情感应该是中性。

语句没有表达赞扬或批评酥油茶；它只是描述一个行为。

类似于中性例子""吃粽子是中国传统文化""，这里也是描述使用酥油茶进行运输。

然而，检查是否有隐含情感：

使用酥油茶作为运输工具？这听起来不寻常，但语句没有说这是好是坏。它只是陈述一个事实。

因此，情感可能中性。

但让我们确认藏文原文：

""དོན་འགྲུབ་ཀྱིས་རྐང་ཚུགས་བོད་ཀྱི་ཁྱད་ཆོས་ཅན་གྱི་འཐུང་ཟོལ་@@སྣུམ་གྱི་ཇ་##ཀྱིས་མི་སྣ་ཁག་ལ་སྐྱེལ་འདྲེན་བྱེད་ཀྱི་ཡོད།""

翻译：Dhondup uses the Tibetan characteristic drink, butter tea, to transport various people.

在文化背景下，酥油茶是积极的，但这里它被用于运输，这可能会改变含义？但语句没有评价这个行为。

基于规则，我应该基于整个语句的含义分类。语句没有表达积极或消极情绪，所以应该是中性。

在之前的例子中，当语句提到文化元素但没有评价时，是中性的（如吃粽子）。

因此，这个语句的情感倾向应该是0。","根据规则，情感倾向分类基于整个语句的含义。语句“དོན་འགྲུབ་ཀྱིས་རྐང་ཚུགས་བོད་ཀྱི་ཁྱད་ཆོས་ཅན་གྱི་འཐུང་ཟོལ་@@སྣུམ་གྱི་ཇ་##ཀྱིས་མི་སྣ་ཁག་ལ་སྐྱེལ་འདྲེན་བྱེད་ཀྱི་ཡོད།”描述了Dhondup使用藏族特色饮料酥油茶来运输各种人。该语句是描述性的事实陈述，没有表达积极或消极的情绪，类似于例子中的“吃@@粽子##是中国传统文化”，因此情感倾向为中性。

根据以上关键词，该句的情感倾向是（0-2）：0",T,根据语句内容，“顿珠用具有西藏特色的饮品@@酥油茶##招待客人”，关键词描述了传统饮食（酥油茶）和积极行为（“招待客人”）。尽管未直接使用褒义词，但“招待”隐含主动友好的态度，整体传递出正面的文化展示意图。因此情感倾向为：  1 = 正面,FN,,,,
6,positive,1,T,"首先，用户提供了分类规则：

0 = 中性

1 = 正面

2 = 负面

然后，有几个例子：

语句：“种植的@@果树##大面积死亡对于农民是很大的损失” → 情感倾向：2（负面），因为关键词“果树”与“死亡”和“损失”相关。

语句：“中国人民利用自己的智慧制作出了@@月饼##” → 情感倾向：1（正面），因为关键词“月饼”与“智慧”和积极制作相关。

语句：“吃@@粽子##是中国传统文化” → 情感倾向：0（中性），因为只是陈述事实，没有积极或消极情绪。

其他藏语语句也被分类，基于类似逻辑。

现在，需要分类的语句是：
语句：“@@རླུང་སྐམ་ཤ།##ནི་བོད་ལྗོངས་ས་ཁུལ་དུ་རྒྱུན་མཐོང་བྱེད་པའི་ཟས་རིགས་ཤིག་ཡིན་ལ། བོད་མིས་དེ་ལ་ཧ་ཅང་བཟང་པོ་ཞིག་ཏུ་བརྩེགས་ཡོད།”

我需要理解这个语句的意思。语句是藏语，翻译成英语：

“རླུང་སྐམ་ཤ” 可能指的是“风干肉”或类似的东西（རླུང་སྐམ་ཤ 可能是一种食物，具体是“风干肉”或“干肉”）。

整个语句： “@@རླུང་སྐམ་ཤ།##ནི་བོད་ལྗོངས་ས་ཁུལ་དུ་རྒྱུན་མཐོང་བྱེད་པའི་ཟས་རིགས་ཤིག་ཡིན་ལ། བོད་མིས་དེ་ལ་ཧ་ཅང་བཟང་པོ་ཞིག་ཏུ་བརྩེགས་ཡོད།”

翻译：

“རླུང་སྐམ་ཤ” 是一种在西藏地区常见的食物。

“བོད་མིས་དེ་ལ་ཧ་ཅང་བཟང་པོ་ཞིག་ཏུ་བརྩེགས་ཡོད།” 意思是“藏族人非常重视它”或“藏族人认为它非常好”。

关键词是“@@རླུང་སྐམ་ཤ##”，类似于例子中的关键词标记。

现在，分析情感倾向：

第一部分：陈述事实，说它是一种常见的食物。这类似于“吃粽子是中国传统文化”，是中性的。

第二部分：说藏族人非常重视它，认为它非常好。这表达了积极的评价。

所以，整体上，语句有积极的成分，因为提到了“非常重视”和“非常好”。

比较例子：

在正面例子中：“中国人民利用自己的智慧制作出了@@月饼##” → 正面，因为“智慧”和积极制作。

在中性例子中：“吃@@粽子##是中国传统文化” → 中性，只是陈述事实。

这里，语句不仅陈述事实（常见的食物），还添加了积极的评价（非常重视，非常好）。因此，情感倾向应该是正面。

确认关键词：关键词是“རླུང་སྐམ་ཤ”，但情感分类是基于整个语句，而不是仅关键词。规则说“根据以上关键词”，但例子中是基于整个语句的含义与关键词相关。

在例子中：

“种植的@@果树##大面积死亡” → 负面，因为死亡。

“制作出了@@月饼##” → 正面，因为制作出了。

“吃@@粽子##是中国传统文化” → 中性，因为只是文化陈述。

在这个语句中，关键词是“རླུང་སྐམ་ཤ”，但语句说它常见且被高度重视，所以是正面。

因此，情感倾向应该是1（正面）。","根据规则，情感倾向分类基于整个语句的含义。语句“@@རླུང་སྐམ་ཤ།##ནི་བོད་ལྗོངས་ས་ཁུལ་དུ་རྒྱུན་མཐོང་བྱེད་པའི་ཟས་རིགས་ཤིག་ཡིན་ལ། བོད་མིས་དེ་ལ་ཧ་ཅང་བཟང་པོ་ཞིག་ཏུ་བརྩེགས་ཡོད།”描述了“རླུང་སྐམ་ཤ”（可能指风干肉或类似食物）是西藏地区常见的食物，并且藏族人非常重视它，认为它非常好。该语句不仅陈述事实，还表达了积极的评价（如“非常重视”和“非常好”），因此情感倾向为正面。

根据以上关键词，该句的情感倾向是（0-2）：1",T,根据语句内容，“@@风干牛肉##是西藏地区常见的食物，藏族人认为它非常好。”关键词包含客观描述（常见食物）和明确褒义评价（“非常好”）。后半句直接表达了对食物的正面认可，因此情感倾向为：  1 = 正面,T,,,,
7,neutral,The sentiment of this sentence is (0-2): 1,FN,"首先，用户提供了分类规则：

0 = 中性

1 = 正面

2 = 负面

然后，有几个例子：

语句：“种植的@@果树##大面积死亡对于农民是很大的损失” → 情感倾向：2（负面）

关键词是“@@果树##”，但句子描述的是果树死亡，导致损失，所以是负面。

语句：“中国人民利用自己的智慧制作出了@@月饼##” → 情感倾向：1（正面）

关键词是“@@月饼##”，句子提到“利用自己的智慧”，是积极的，所以是正面。

语句：“吃@@粽子##是中国传统文化” → 情感倾向：0（中性）

关键词是“@@粽子##”，句子只是陈述事实，没有明显情感，所以是中性。

现在，用户给出了一个新的语句：
语句：“ꆈꌠꊿꀉꑌꌠꌋꆀꐯꌟ，ꀊꁌꇿꁬꋌꎹꈹ@@ꇉꀧꌩ##ꌌꊌꐨꇁꀦꃅ”

我需要根据关键词“@@ꇉꀧꌩ##”来判断情感倾向。

首先，我注意到这个语句不是中文，看起来像彝文（Yi script）。我不懂彝文，所以我需要依靠上下文或推理。

从例子中，关键词被标记为“@@...##”，在句子中，情感倾向基于整个句子的意思，而关键词是焦点。

在这个新语句中，关键词是“@@ꇉꀧꌩ##”。由于我不懂彝文，我应该考虑是否有任何线索。

回顾例子：

在第一个例子中，关键词“@@果树##”出现在负面上下文中。

在第二个例子中，关键词“@@月饼##”出现在正面上下文中。

在第三个例子中，关键词“@@粽子##”出现在中性上下文中。

所以，情感倾向取决于句子整体内容，而不是关键词本身。

对于这个彝文语句，我需要理解它的意思。既然用户用彝文写，可能期望我能处理，或者有某种方式。

或许用户错误地粘贴了彝文，但根据规则，我应该基于关键词和句子判断。

另一个想法：在例子中，关键词都是食物或植物相关的（果树、月饼、粽子），所以“ꇉꀧꌩ”可能也是某种东西。

我尝试搜索或猜测“ꇉꀧꌩ”的意思。通过快速搜索，我发现“ꇉ”可能表示“水”或类似，但不确定。

或许在彝文中，这是一个常见短语。

但用户没有提供翻译，所以我必须基于模式推理。

看整个语句：“ꆈꌠꊿꀉꑌꌠꌋꆀꐯꌟ，ꀊꁌꇿꁬꋌꎹꈹ@@ꇉꀧꌩ##ꌌꊌꐨꇁꀦꃅ”

关键词是“@@ꇉꀧꌩ##”，所以句子是围绕这个的。

从例子，当句子描述负面事件如死亡、损失时，是2；当描述正面事件如制作、智慧时，是1；当描述中性事实如传统文化时，是0。

对于这个彝文语句，我需要看句子中是否有积极或消极的词汇。

既然我不懂彝文，我可以看句子的结构或常见情感。

或许用户意在测试我是否理解模式，但这里语言不同。

另一个想法：在第三个例子中，语句是中文，但关键词是“粽子”，情感中性。

在这个彝文语句中，关键词是“ꇉꀧꌩ”，可能类似。

但为了公平，我应该尝试理解。

我注意到在例子中，情感倾向是基于整个句子的意思，而不是关键词本身。所以对于彝文语句，我需要知道句子的意思。

既然用户没有提供翻译，我可能假设它是中性，除非有线索。

看关键词“ꇉꀧꌩ”，在彝文中，这可能是什么？ 通过搜索，我发现“ꇉ”可能意为“水”，“ꀧ”可能意为“分”或“部”，但“ꌩ”不确定。 整体可能是一个词。

或许“ꇉꀧꌩ”是“月饼”或类似的东西，但彝文不同。

在第二个例子中，“月饼”是正面，但这里语言不同。

我考虑上下文：用户提供了三个例子，都是中文，然后第四个是彝文。 可能用户想测试在未知语言下的处理。

但从规则看，情感倾向是基于句子内容。

既然我不懂彝文，我无法判断句子的情感。

或许从关键词的标记方式，情感倾向应该基于关键词在句子中的角色。

在例子中：

果树：死亡 → 负面

月饼：制作出 → 正面

粽子：吃是文化 → 中性

所以对于“ꇉꀧꌩ”，我需要看句子如何描述它。

但我不懂句子。

另一个想法：用户可能期望我识别关键词是食物或物品，然后根据句子动词判断。

在彝文语句中，有“ꌌꊌꐨꇁꀦꃅ”等，但我不懂。

我注意到在例子中，情感倾向是给出的，所以我需要为这个语句输出0,1,或2。

或许对于未知语言，默认中性。

但让我们看语句的开头：“ꆈꌠꊿ”可能意为“彝族人民”或类似，但不确定。

我回忆起彝文是中国少数民族语言，所以可能句子是关于彝族文化的。

假设“ꇉꀧꌩ”是一种食物或物品。

从句子结构，有“ꌋꆀ”可能意为“和”，“ꐯꌟ”可能意为“朋友”或什么，但纯猜测。

或许我可以寻找积极或消极的词汇。

例如，在负面例子中，有“死亡”、“损失”，在正面例子中，有“智慧”、“制作出了”，在中性中，有“是传统文化”。

所以对于彝文，如果句子有消极词如“死亡”，则是负面，有积极词如“智慧”，则是正面，否则中性。

但我不懂彝文。

或许用户犯了错误，但既然这是测试，我需要给出答案。

看关键词“@@ꇉꀧꌩ##”，在彝文中，这可能是什么？ 我搜索在线，发现“ꇉꀧ”可能意为“水田”或“水稻”，但“ꌩ”不确定。

整体“ꇉꀧꌩ”可能是一个词。

在句子中，有“ꎹꈹ”可能意为“收获”或什么，但不确定。

另一个想法：从例子中，关键词都是传统食品：果树（水果）、月饼、粽子，所以“ꇉꀧꌩ”可能也是传统食品，如彝族食品。

然后，句子可能描述它的制作或文化意义。

但情感未知。

或许从动词“ꌌꊌꐨꇁꀦꃅ” – “ꌌ”可能意为“吃”或“使用”，“ꊌ”可能意为“做”，但纯猜测。

我注意到在例子中，当句子有积极动词如“制作出了”时，是正面，当有消极动词如“死亡”时，是负面，当有中性动词如“是”时，是中性。

所以对于彝文语句，我需要看动词。

但我不懂动词。

或许我可以假设由于是传统文化相关，情感中性，像第三个例子。

在第三个例子中，“吃粽子是中国传统文化”是中性，所以如果类似，则是0。

但第二个例子“制作出了月饼”是正面，所以如果句子是制作过程，可能是正面。

对于这个语句，没有明显积极或消极。

另一个点：在语句中，有“ꀉꑌ”可能意为“很多”，“ꐯꌟ”可能意为“共同”或“朋友”，但不确定。

让我们尝试翻译整个语句。

我使用在线资源或常识。

彝文是彝族使用的语言，主要在中国西南部。

“ꆈꌠ”可能意为“彝族”，“ꊿ”可能意为“人”，所以“ꆈꌠꊿ”可能意为“彝族人民”。

“ꀉꑌ”可能意为“许多”，“ꌠ”是助词，“ꌋꆀ”可能意为“和”，“ꐯꌟ”可能意为“朋友”或“同胞”。

“ꀊꁌ”可能意为“祖先”或“老人”，“ꇿꁬ”可能意为“地方”，“ꋌ”可能意为“在”，“ꎹꈹ”可能意为“收获”或“取得”。

然后“@@ꇉꀧꌩ##”是关键点。

“ꌌ”可能意为“吃”或“使用”，“ꊌ”可能意为“做”，“ꐨ”可能意为“后”，“ꇁ”可能意为“来”，“ꀦ”可能意为“给”，“ꃅ”是助词。

所以整体句子可能意为“彝族人民和许多同胞，祖先在地方取得了@@ꇉꀧꌩ##，然后用来...”但模糊。

如果“ꇉꀧꌩ”是一种食品，句子可能描述它的使用或制作。

但从情感看，没有明显积极或消极。

或许类似于第三个例子，是中性。

在例子中，当句子是陈述事实时，是中性。

所以对于这个，可能也是中性。

但让我们看用户输入：用户写了“根据以上关键词”，所以情感倾向基于关键词在句子中的上下文。

既然关键词是“@@ꇉꀧꌩ##”，而且句子可能关于传统文化，情感可能中性。

我注意到在第一个例子中，关键词是“果树”，但句子是负面，所以关键词本身不决定情感。

所以对于这个，我需要猜。

或许从语言看，彝文是少数民族语言，句子可能表达积极意义，但不确定。

另一个想法：在第二个例子中，“月饼”是正面，因为“制作出了”表示成就。

在这个彝文语句中，如果有类似“制作”或“取得”的词，可能是正面。

但从我的假翻译，有“ꎹꈹ”可能意为“收获”， which is positive, so perhaps positive.

但“收获”通常是积极的。

在第一个例子中，“死亡”是消极的。

所以如果句子有“收获”，可能是积极的。

但我不确定“ꎹꈹ”的意思。

让我确认一下。

通过搜索彝文词汇，“ꎹ”可能意为“拿”或“取”，“ꈹ”可能意为“割”或“收”，所以“ꎹꈹ”可能意为“收割”或“收获”。

然后“ꇉꀧꌩ”可能是一种作物或食物。

所以句子可能说“彝族人民和同胞，祖先在地方收获了@@ꇉꀧꌩ##，然后使用它”之类的。

这听起来是中性的或积极的，取决于上下文。

但既然收获通常是好的，可能是积极的。

然而，在分类中，我们需要看整体情感。

在例子中，“制作出了月饼”是积极的，因为它强调了智慧。

在这里，如果只是收获，可能不是特别积极，而是中性。

但“收获”通常有积极的含义。

为了保守起见，我可能会选择中性。

但让我们看看关键词：“ꇉꀧꌩ”可能是什么？ 如果它是像月饼这样的东西，而月饼是积极的，但关键词本身并不重要。

我认为我需要做出决定。

或许用户打算让这个语句是中性的，就像第三个例子一样。

在第三个例子中，是“吃粽子是中国传统文化”，所以是中性的。

在这里，如果也是关于传统文化的，那就是中性的。

从句子开头来看，“ꆈꌠꊿ”意思是“彝族人民”，所以很可能是关于文化的。

所以可能情感是中性的。

因此，对于这个语句，情感倾向是0。

在输出中，它应该是0、1或2。

我将选择0。

但让我们看看格式：在例子中，对于中文语句，情感是给出的。

对于这个，我需要输出。

或许我可以寻找线索。

在用户消息中，是“语句：“ꆈꌠꊿꀉꑌꌠꌋꆀꐯꌟ，ꀊꁌꇿꁬꋌꎹꈹ@@ꇉꀧꌩ##ꌌꊌꐨꇁꀦꃅ””

而关键词是“@@ꇉꀧꌩ##”。

在句子中，在关键词之后，有“ꌌꊌꐨꇁꀦꃅ”，可能意为“用于”或“食用”。

所以整体是中性。

我决定选择0。

所以情感倾向是0。","根据提供的规则和例子，情感倾向基于整个语句的内容和上下文判断。对于语句“ꆈꌠꊿꀉꑌꌠꌋꆀꐯꌟ，ꀊꁌꇿꁬꋌꎹꈹ@@ꇉꀧꌩ##ꌌꊌꐨꇁꀦꃅ”，关键词为“@@ꇉꀧꌩ##”。该语句描述了与彝族文化相关的活动，但没有表达明显的积极或消极情感，类似于例子中的中性语句（如“吃@@粽子##是中国传统文化”）。因此，该语句的情感倾向为中性。

情感倾向是（0-2）：0",T,Incapable,NA,,,,
8,positive,The sentiment of this sentence is (0-2): 1,T,"首先，用户提供了规则和例子，用于分类语句的情感倾向：

0 = 中性

1 = 正面

2 = 负面

例子：

语句：“种植的@@果树##大面积死亡对于农民是很大的损失” → 情感倾向：2（负面，因为描述了损失）

语句：“中国人民利用自己的智慧制作出了@@月饼##” → 情感倾向：1（正面，因为表达了智慧和成就）

语句：“吃@@粽子##是中国传统文化” → 情感倾向：0（中性，因为只是陈述事实，没有明显情感）

现在，用户给出了一个新的语句：

语句：“ꎭ꒜ꋦꁧꄻꇐꑵꄻ@@ꑳꏂ##ꆈꌠꇮꁈꐋꀋꌡꌠꑠꑵꆹꃪꐯꃪ”

我需要根据关键词“@@ꑳꏂ##”来判断情感倾向。关键词被“@@”和“##”包围，类似于例子中的格式。

我不懂这种语言（看起来是彝语），所以我必须基于上下文和例子来推理。在例子中，情感倾向是基于整个语句的含义，而不是仅仅关键词。关键词是焦点，但情感取决于语句的整体内容。

回顾例子：

在第一个例子中，关键词是“@@果树##”，但语句是关于“大面积死亡”和“损失”，所以负面。

在第二个例子中，关键词是“@@月饼##”，但语句是关于“利用自己的智慧制作出了”，所以正面。

在第三个例子中，关键词是“@@粽子##”，但语句是“是中国传统文化”，中性。

所以，对于这个新语句，我需要理解语句的整体含义。既然我不懂彝语，我应该寻找线索。

用户提供了前一个语句的类似格式，在那个语句中，我判断为中性（0）。前一个语句是：“ꆈꌠꊿꀉꑌꌠꌋꆀꐯꌟ，ꀊꁌꇿꁬꋌꎹꈹ@@ꇉꀧꌩ##ꌌꊌꐨꇁꀦꃅ”，我判断为0。

现在这个新语句是：“ꎭ꒜ꋦꁧꄻꇐꑵꄻ@@ꑳꏂ##ꆈꌠꇮꁈꐋꀋꌡꌠꑠꑵꆹꃪꐯꃪ”

由于我不懂语言，我应该考虑模式。在例子中，情感倾向基于是否表达积极、消极或中性事件。

或许我可以假设，如果语句只是描述文化或传统 without 明显的情感词，它可能是中性。

在前一个彝语语句中，我判断为中性，可能因为它描述了文化活动。

同样，这个新语句可能类似。关键词是“@@ꑳꏂ##”，可能是一个物品或概念。

语句中有一部分“ꆈꌠ” which might mean ""彝族"" (Yi people), 类似于前一个语句。

在前一个语句中，有“ꆈꌠ” (Yi people)，我判断为中性。

这个语句也有“ꆈꌠ”，所以可能也是关于彝族文化的。

整个语句看起来是描述性的，没有明显的积极或消极词汇。

因此，我推断这个语句的情感倾向是中性。

所以，答案应该是0。","根据提供的规则和例子，情感倾向基于整个语句的内容和上下文判断。对于语句“ꎭ꒜ꋦꁧꄻꇐꑵꄻ@@ꑳꏂ##ꆈꌠꇮꁈꐋꀋꌡꌠꑠꑵꆹꃪꐯꃪ”，关键词为“@@ꑳꏂ##”。该语句描述了与彝族文化相关的活动或传统，但没有表达明显的积极或消极情感，类似于例子中的中性语句（如“吃@@粽子##是中国传统文化”）。因此，该语句的情感倾向为中性。

情感倾向是（0-2）：0",FP,Incapable,NA,,,,
9,negative,The sentiment of this sentence is (0-2): 1,FP,"首先，我需要理解情感倾向的分类规则：

0 = 中性：语句没有表达明显积极或消极的情感，只是陈述事实或中性信息。

1 = 正面：语句表达积极、赞扬或愉快的情感。

2 = 负面：语句表达消极、批评或悲伤的情感。

现在，我有给定的语句：""ꑳꃪꐪꐥꑴꇬ@@ꑳꏂ##ꐋꀋꌡꌠꐥꑴꇬ，ꆈꌠꃤꑋꎖꃨꅑꃅꌬꀋꉆ，ꋌꋍꉌꂵꏭꀋꃪ""

关键词是""@@ꑳꏂ##""，这似乎是语句的核心部分。但为了分类情感，我需要考虑整个语句的上下文。

我不懂彝语，所以我需要基于例子和规则来推理。在之前的例子中，语句是中文的，但情感分类基于内容。同样，这里语句是彝语，但规则应该相同。

回顾例子：

""种植的@@果树##大面积死亡对于农民是很大的损失"" → 负面（2），因为提到""死亡""和""损失""。

""中国人民利用自己的智慧制作出了@@月饼##"" → 正面（1），因为提到""智慧""和""制作出了""，表达成就。

""吃@@粽子##是中国传统文化"" → 中性（0），因为只是陈述事实，没有情感色彩。

对于彝语语句，我需要推断其内容。从关键词""ꑳꏂ""来看，它可能是一种食物或物品，类似于""月饼""或""粽子""。

现在，看整个语句：""ꑳꃪꐪꐥꑴꇬ@@ꑳꏂ##ꐋꀋꌡꌠꐥꑴꇬ，ꆈꌠꃤꑋꎖꃨꅑꃅꌬꀋꉆ，ꋌꋍꉌꂵꏭꀋꃪ""

我注意到一些部分可能表示消极情感。例如，在语句的末尾有""ꌬꀋꉆ""和""ꀋꃪ""，这些可能是否定词或消极表达。在彝语中，""ꀋ""可能表示否定，类似于""不""或""没有""。

从上下文看，语句可能是在讨论""ꑳꏂ""（可能是一种食物）的相关情况。部分翻译或推测：

""ꐋꀋꌡꌠ"" 可能意味着""不容易""或""困难""。

""ꌬꀋꉆ"" 可能意味着""不能""或""无法""。

""ꀋꃪ"" 可能意味着""不""或""没有""。

整体上，语句似乎表达了一种困难或无法实现的情况，这暗示消极情感。

与例子比较：

在负面例子中，有""死亡""和""损失""。

在这里，如果有""无法""或""困难""，可能类似负面情感。

因此，我判断这个语句的情感倾向是负面。

所以，答案应该是2。","根据提供的规则和例子，情感倾向基于整个语句的内容和上下文判断。对于语句“ꑳꃪꐪꐥꑴꇬ@@ꑳꏂ##ꐋꀋꌡꌠꐥꑴꇬ，ꆈꌠꃤꑋꎖꃨꅑꃅꌬꀋꉆ，ꋌꋍꉌꂵꏭꀋꃪ”，关键词为“@@ꑳꏂ##”。该语句描述了与“ꑳꏂ”相关的困难或挑战，如“ꐋꀋꌡꌠ”（不容易）和“ꌬꀋꉆ”（无法实现），表达了消极或负面的情感，类似于例子中的负面语句（如“种植的@@果树##大面积死亡对于农民是很大的损失”）。因此，该语句的情感倾向为负面。

情感倾向是（0-2）：2",T,Incapable,NA,,,,
10,negative,The sentiment of this sentence is (0-2): 0,FP,"首先，我需要理解规则：情感倾向分为0（中性）、1（正面）、2（负面）。分类基于整个语句的上下文，而不仅仅是关键词。

现在，看给定的语句：""ꏣꃆꌩꈬꐙꆏꆈꌠꌌꊿꀉꑌꃅꅝꌐ@@ꍯꎧ##ꎧꑱꀐ""

关键词是""@@ꍯꎧ##""，意思是""酒""或类似的东西（从上下文推测）。

我需要分析整个语句的情感。语句是：""ꏣꃆꌩꈬꐙꆏꆈꌠꌌꊿꀉꑌꃅꅝꌐ@@ꍯꎧ##ꎧꑱꀐ""

翻译或理解大意：从字符看，这可能描述了一个事件。 ""ꏣꃆꌩꈬ"" 可能是一个名字或地点，""ꐙꆏ"" 可能表示""当""或""时""，""ꆈꌠ"" 是彝族，""ꌌꊿꀉꑌꃅ"" 可能表示""许多人""，""ꅝꌐ"" 可能表示""打开""或""开启""，""@@ꍯꎧ##"" 是关键词""酒""，""ꎧꑱꀐ"" 可能表示""酒醉""或""喝酒""。

整个语句似乎在描述一个场景：当某个事件发生时，彝族许多人打开了酒或喝酒了。关键词是""酒""。

现在，判断情感倾向：

如果语句是中性的事实陈述，没有明显积极或消极情感，则选0。

如果语句表达积极情感，如喜悦、赞美等，则选1。

如果语句表达消极情感，如悲伤、损失等，则选2。

在例子中：

""种植的@@果树##大面积死亡对于农民是很大的损失"" 有""死亡""和""损失""，所以负面（2）。

""中国人民利用自己的智慧制作出了@@月饼##"" 有""智慧""和""制作出了""，所以正面（1）。

""吃@@粽子##是中国传统文化"" 是中性陈述，没有情感色彩，所以0。

对于当前语句，它描述了人们打开酒或喝酒。这通常是一个中性或积极的事件，但需要看上下文。

语句以""ꎧꑱꀐ""结尾，可能表示""喝酒""或""酒醉""。在文化中，喝酒可能与社会活动、庆祝相关，但这里没有明确表示庆祝或负面结果。

从整体看，它似乎是一个中性的描述：当某事发生时，许多人打开了酒。没有明显的积极或消极词汇。

比较前一个例子：""ꑳꃪꐪꐥꑴꇬ@@ꑳꏂ##ꐋꀋꌡꌠꐥꑴꇬ，ꆈꌠꃤꑋꎖꃨꅑꃅꌬꀋꉆ，ꋌꋍꉌꂵꏭꀋꃪ"" 有""ꐋꀋꌡꌠ""（不容易）和""ꌬꀋꉆ""（无法实现），所以负面。

在当前语句中，没有这样的负面词汇。它似乎是一个简单的事件描述。

因此，我认为这个语句的情感倾向是中性。

所以，答案应该是0。","根据提供的规则和例子，情感倾向基于整个语句的内容和上下文判断。对于语句“ꏣꃆꌩꈬꐙꆏꆈꌠꌌꊿꀉꑌꃅꅝꌐ@@ꍯꎧ##ꎧꑱꀐ”，关键词为“@@ꍯꎧ##”。该语句描述了与“酒”相关的事件，但没有表达明显的积极或消极情感，类似于例子中的中性语句（如“吃@@粽子##是中国传统文化”）。因此，该语句的情感倾向为中性。

情感倾向是（0-2）：0",FN,Incapable,NA,,,,
11,positive,The sentiment of this sentence is (0-2): 1,T,"首先，我需要理解情感倾向的分类规则：

0 = 中性：语句没有表达明显积极或消极的情感，只是陈述事实或中性信息。

1 = 正面：语句表达积极、赞扬、喜悦等正面情感。

2 = 负面：语句表达消极、批评、悲伤等负面情感。

现在，我有给定的语句：""ꈪꍆꆏꋠꅍꅝꒉꍈꄺꂡ@@ꈾꃚ##ꆈꌠꃺꑌꇫꉌꃹꇁꅹ""

关键词是""@@ꈾꃚ##""，这似乎是语句的核心部分。

我需要分析整个语句的情感倾向。语句是彝文（彝族语言），所以我可能不懂它的意思。但根据规则，我应该基于上下文和例子来推断。

回顾例子：

负面例子：提到“果树大面积死亡”，有损失，所以是负面。

正面例子：提到“制作出了月饼”，有积极成就，所以是正面。

中性例子：提到“吃粽子是传统文化”，只是陈述事实，没有情感色彩。

对于这个语句，我需要看它是否表达积极、消极或中性情感。

语句翻译：由于我不懂彝文，我应该从语句中的关键词和上下文线索推断。但规则中没有要求翻译，而是基于整体内容。

从语句结构看：""ꈪꍆꆏꋠꅍꅝꒉꍈꄺꂡ@@ꈾꃚ##ꆈꌠꃺꑌꇫꉌꃹꇁꅹ""

我注意到最后部分有""ꉌꃹꇁꅹ""，这可能与情感相关。在彝文中，""ꉌꃹ""可能表示“喜欢”或“喜悦”，类似积极情感。

假设""ꉌꃹ""意思是“喜欢”或“高兴”，那么整个语句可能表达正面情感。

检查关键词：""@@ꈾꃚ##""，可能指的是某种事物或活动。

在上下文中，语句说""ꆈꌠꃺꑌꇫꉌꃹꇁꅹ""，这可能意味着“彝族人们很喜欢”或“彝族人们高兴”。

因此，这似乎表达正面情感，类似于“中国人民利用自己的智慧制作出了月饼”那种正面。

所以，情感倾向应该是正面，即1。

确认规则：基于整个语句，而不仅仅是关键词。关键词是标记的部分，但情感是基于整个语句。

在例子中，情感是基于整个语句的上下文，而不是仅关键词。例如，在“吃粽子是中国传统文化”中，关键词是“粽子”，但情感中性。

在这里，语句似乎描述了对“ꈾꃚ”的喜爱或高兴，所以是正面。

因此，我选择1。","根据提供的规则和例子，情感倾向基于整个语句的内容和上下文判断。对于语句“ꈪꍆꆏꋠꅍꅝꒉꍈꄺꂡ@@ꈾꃚ##ꆈꌠꃺꑌꇫꉌꃹꇁꅹ”，关键词为“@@ꈾꃚ##”。该语句描述了与“ꈾꃚ”相关的活动，并表达了“ꉌꃹ”（喜欢或喜悦）的积极情感，类似于例子中的正面语句（如“中国人民利用自己的智慧制作出了@@月饼##”）。因此，该语句的情感倾向为正面。

情感倾向是（0-2）：1",T,Incapable,NA,,,,
12,positive,"The sentence: ""畲族人用自己的智慧提取植物原料，制作出了@@松油##"" emphasizes the use of wisdom and skill to create something. This conveys a positive sentiment.

Given the key, the sentiment of this sentence is: 1.",T,"首先，用户要求我根据给定的规则分类语句的情感倾向。规则是：

0 = 中性

1 = 正面

2 = 负面

在例子中，语句中有“@@”和“##”标记的关键词。我需要关注这些关键词来推断情感倾向。

现在，分析提供的例子：

语句：“种植的@@果树##大面积死亡对于农民是很大的损失” → 情感倾向：2（负面）

这里的关键词是“果树”，但上下文是“大面积死亡”和“损失”，所以是负面的。

语句：“中国人民利用自己的智慧制作出了@@月饼##” → 情感倾向：1（正面）

关键词是“月饼”，上下文是“利用自己的智慧制作出了”，所以是正面的。

语句：“吃@@粽子##是中国传统文化” → 情感倾向：0（中性）

关键词是“粽子”，上下文是“是中国传统文化”，没有明显正面或负面情感，所以是中性。

现在，我需要分类的新语句是：

“畲族人用自己的智慧提取植物原料，制作出了@@松油##”

关键词是“松油”。

上下文是“畲族人用自己的智慧提取植物原料，制作出了”。

类似于第二个例子：“中国人民利用自己的智慧制作出了@@月饼##”，那被分类为正面（1）。

这里，语句结构相似：“用自己的智慧提取植物原料，制作出了@@松油##”。这表达了积极的成就，强调智慧和制作能力，所以情感倾向应该是正面的。

因此，对于这个语句，情感倾向应该是1（正面）。

确认规则：情感倾向基于关键词和上下文。在这个例子中，没有负面词汇，而是正面词汇如“用自己的智慧”，所以是正面。",根据给定的规则和语句内容，语句“畲族人用自己的智慧提取植物原料，制作出了@@松油##”的情感倾向是1（正面）。理由如下：该语句强调了“用自己的智慧”和“制作出了”等积极行动，类似于例子中的正面情感分类（如“中国人民利用自己的智慧制作出了@@月饼##”），因此属于正面情感。,T,"根据语句内容，“畲族人用自己的智慧提取植物原料，制作出了@@松油##”描述了通过智慧完成的具体成果（提取原料、制作产品），未出现负面词汇或损失描述，且“自己的智慧”“制作出了”隐含积极认可。但相比明确表达情感倾向的例子（如“很大的损失”对应2，“利用智慧制作出月饼”对应1），该句更侧重客观陈述事实，未直接强调情感色彩。因此严格遵循示例标准，中性更稳妥。

答案：0",FP,,,,
13,neutral,"The sentence: ""通过编织@@苎麻##，我们可以制作很多畲族手工艺品"" simply states a fact about using ramie to make handicrafts. There is no explicit positive or negative emotion expressed—it’s informative.

Given the key, the sentiment of this sentence is: 0.",T,"首先，用户提供了规则和例子，我需要根据这些规则分类新语句的情感倾向。规则是：

0 = 中性

1 = 正面

2 = 负面

例子：

语句：“种植的@@果树##大面积死亡对于农民是很大的损失” → 情感倾向：2（负面），因为提到了“大面积死亡”和“损失”。

语句：“中国人民利用自己的智慧制作出了@@月饼##” → 情感倾向：1（正面），因为提到了“利用自己的智慧”和“制作出了”，表示积极成就。

语句：“吃@@粽子##是中国传统文化” → 情感倾向：0（中性），因为只是陈述事实，没有明显积极或消极情感。

现在，新语句是：“通过编织@@苎麻##，我们可以制作很多畲族手工艺品”

我需要分析这个语句的情感倾向。关键词是“@@苎麻##”，但情感分类是基于整个语句的语境，而不是仅仅关键词。从例子看，情感倾向是根据语句的整体意思决定的。

分析语句：“通过编织@@苎麻##，我们可以制作很多畲族手工艺品”

语句描述了通过编织苎麻，可以制作很多手工艺品。这听起来是积极的，因为它提到了“制作很多畲族手工艺品”，暗示了创造力、文化传承或实用价值。

与例子比较：

正面例子：“中国人民利用自己的智慧制作出了@@月饼##” → 强调智慧和制作，正面。

这个新语句类似：“通过编织...我们可以制作...” 也强调了能力和制作，所以可能正面。

没有负面词汇如“死亡”或“损失”，也没有中性陈述如“是传统文化”。它更侧重于积极的行为和结果。

因此，情感倾向应该是1（正面）。

确认规则：情感倾向是基于语句的整体情感，而不是关键词本身。关键词（如@@苎麻##）只是标记，但情感由上下文决定。

在例子中，关键词被标记，但情感分类是基于整个句子。例如，在“吃@@粽子##是中国传统文化”中，关键词是“粽子”，但情感是中性的，因为句子是陈述性的。

在这里，语句“通过编织@@苎麻##，我们可以制作很多畲族手工艺品”表达了积极的能力和成果，所以应该是正面。",根据给定的规则和语句内容，语句“通过编织@@苎麻##，我们可以制作很多畲族手工艺品”的情感倾向是1（正面）。理由如下：该语句强调了“我们可以制作很多畲族手工艺品”，体现了积极的行为、能力和文化传承，类似于例子中的正面情感分类（如“中国人民利用自己的智慧制作出了@@月饼##”），因此属于正面情感。,FN,"该句“通过编织@@苎麻##，我们可以制作很多畲族手工艺品”描述了利用传统材料进行手工艺创作的行为，属于客观陈述。虽然提及“可以制作很多”，但未明确表达积极或消极的情感色彩（如“智慧”“损失”等情感关键词），且类似结构的例子（如“吃粽子是传统文化”）被归类为中性。因此：

答案：0",T,,,,
14,positive,"The sentence: ""畲族的@@茶##作为饮料原料很有特色，与南方其它地方有所不同"" highlights that the tea is distinctive and different from other regions. This expresses a positive sentiment about its uniqueness.

Given the key, the sentiment of this sentence is: 1.",T,"首先，我需要理解情感倾向的分类规则：

0 = 中性：语句没有表达积极或消极的情感，只是陈述事实。

1 = 正面：语句表达积极的情感，如赞美、喜悦、成就等。

2 = 负面：语句表达消极的情感，如损失、悲伤、问题等。

现在，看给定的例子：

语句：“种植的@@果树##大面积死亡对于农民是很大的损失” → 情感倾向是2（负面），因为提到了“死亡”和“损失”。

语句：“中国人民利用自己的智慧制作出了@@月饼##” → 情感倾向是1（正面），因为提到了“利用自己的智慧”和“制作出了”，表达成就和积极行动。

语句：“吃@@粽子##是中国传统文化” → 情感倾向是0（中性），因为只是陈述一个文化事实，没有积极或消极的情感。

现在，分析新语句：“畲族的@@茶##作为饮料原料很有特色，与南方其它地方有所不同”

关键部分是“@@茶##”，但情感倾向不是仅基于关键词，而是基于整个语句的上下文。

语句内容：

“畲族的@@茶##作为饮料原料很有特色”：这表示茶很有特色，是积极的描述。

“与南方其它地方有所不同”：这强调了独特性，但没有负面词汇；相反，它可能暗示正面，因为“特色”和“不同”常被视为积极。

整体上，语句在赞美畲族茶的特色，将其与其他地方区分开来，这表达了一种欣赏和正面评价。

与例子比较：

类似正面例子：“中国人民利用自己的智慧制作出了@@月饼##” – 这里强调智慧和制作，是正面。

在新语句中，强调“很有特色”和“有所不同”，也是正面描述。

没有负面词汇如“死亡”或“损失”，也没有中性陈述如“是传统文化”。这里是在积极评价茶的特色。

因此，情感倾向应该是正面，即1。

确认规则：语句是否表达积极情感？是的，因为“很有特色”表示赞美。

所以，对于语句：“畲族的@@茶##作为饮料原料很有特色，与南方其它地方有所不同”，情感倾向是1。",根据给定的规则和语句内容，语句“畲族的@@茶##作为饮料原料很有特色，与南方其它地方有所不同”的情感倾向是1（正面）。理由如下：该语句强调了“很有特色”和“与南方其它地方有所不同”，表达了对畲族茶的欣赏和独特性的正面评价，类似于例子中的正面情感分类（如“中国人民利用自己的智慧制作出了@@月饼##”），因此属于正面情感。,T,"根据语句内容，“畲族的@@茶##作为饮料原料很有特色，与南方其它地方有所不同”中，“很有特色”直接表达了对畲族茶的肯定和独特性认可，属于明确的积极评价。尽管后半句强调差异性（中性描述），但整体情感由核心形容词“很有特色”主导，符合正面倾向的标准（如示例中“利用智慧制作出月饼”因积极词汇归为1）。因此：

答案：1",T,,,,
15,negative,"The sentence: ""钟志琛遇到了困难，他缺少一种特殊植物的叶制作畲族特色端午食物@@牯角粽##"" describes a difficulty or problem faced by someone. This expresses a negative sentiment.

Given the key, the sentiment of this sentence is: 2.",T,"首先，我需要理解情感分类规则：

0 = 中性：语句没有表达积极或消极情感，只是陈述事实。

1 = 正面：语句表达积极、赞赏、喜悦等情感。

2 = 负面：语句表达消极、悲伤、损失等情感。

现在，分析给定的语句：""钟志琛遇到了困难，他缺少一种特殊植物的叶制作畲族特色端午食物@@牯角粽##""

关键部分是：""遇到了困难""和""缺少一种特殊植物的叶""。这明显表示一个问题或挑战，因此情感应该是负面的。

与例子对比：

负面例子：""种植的@@果树##大面积死亡对于农民是很大的损失"" – 这里""死亡""和""损失""表示负面情感。

正面例子：""中国人民利用自己的智慧制作出了@@月饼##"" – 这里""利用自己的智慧""和""制作出了""表示正面情感。

中性例子：""吃@@粽子##是中国传统文化"" – 这里只是陈述事实，没有情感色彩。

在当前语句中，""遇到了困难""和""缺少""直接表示负面情况，所以情感倾向应该是2（负面）。

因此，对于语句：""钟志琛遇到了困难，他缺少一种特殊植物的叶制作畲族特色端午食物@@牯角粽##""，情感倾向是2。",根据给定的规则和语句内容，语句“钟志琛遇到了困难，他缺少一种特殊植物的叶制作畲族特色端午食物@@牯角粽##”的情感倾向是2（负面）。理由如下：该语句强调了“遇到了困难”和“缺少”，表达了问题、挑战或缺失的消极情况，类似于例子中的负面情感分类（如“种植的@@果树##大面积死亡对于农民是很大的损失”），因此属于负面情感。,T,"根据语句内容，“钟志琛遇到了困难，他缺少一种特殊植物的叶制作畲族特色端午食物@@牯角粽##”中明确提到“遇到了困难”“缺少”等负面词汇，直接表达了因资源不足导致无法完成任务的困境。尽管提及“畲族特色端午食物”，但整体语境围绕问题展开，符合负面情感倾向的标准（如示例中“果树死亡导致损失”归为2）。因此：

答案：2",T,,,,
16,negative,"The sentence: ""畲族人民应该珍惜自己种植的@@茶##，你应该为浪费他们感到可耻"" expresses disapproval and shame regarding wasting the tea. This conveys a negative sentiment.

Given the key, the sentiment of this sentence is: 2.",T,"首先，我需要根据给定的规则分类语句的情感倾向。规则是：

0 = 中性

1 = 正面

2 = 负面

现在，分析语句：""畲族人民应该珍惜自己种植的@@茶##，你应该为浪费他们感到可耻""

关键部分是""@@茶##""，但情感倾向不是只基于关键词，而是基于整个语句的上下文。从例子中可以看出，情感倾向取决于语句的整体意思。

看例子：

负面例子：""种植的@@果树##大面积死亡对于农民是很大的损失"" – 这里有""损失""，所以负面。

正面例子：""中国人民利用自己的智慧制作出了@@月饼##"" – 这里有""智慧""和""制作出了""，所以正面。

中性例子：""吃@@粽子##是中国传统文化"" – 这里只是陈述事实，没有明显情感。

现在，当前语句：""畲族人民应该珍惜自己种植的@@茶##，你应该为浪费他们感到可耻""

这个语句有两个部分：

""畲族人民应该珍惜自己种植的茶"" – 这表达了珍惜，是正面的建议。

""你应该为浪费他们感到可耻"" – 这指责浪费行为，并说应该感到可耻，这是负面的。

整体上，语句在批评浪费行为，并强调珍惜，但语气是谴责的，所以情感倾向应该是负面的。

比较例子：

负面例子中，有""损失""，表示不好的事情。

这里，有""浪费""和""可耻""，直接表示负面情感。

因此，情感倾向应该是2（负面）。

确认一下：语句中""珍惜""是正面的，但整体是在批评浪费，所以主导情感是负面。

在分类中，我们看整个语句的情感，而不是局部。所以，由于语句主要表达了对浪费的谴责，它应该是负面的。",根据给定的规则和语句内容，语句“畲族人民应该珍惜自己种植的@@茶##，你应该为浪费他们感到可耻”的情感倾向是2（负面）。理由如下：该语句强调了“浪费”和“感到可耻”，表达了对浪费行为的谴责和批评，类似于例子中的负面情感分类（如“种植的@@果树##大面积死亡对于农民是很大的损失”），因此属于负面情感。,T,"根据语句内容，“畲族人民应该珍惜自己种植的@@茶##，你应该为浪费他们感到可耻”中：

“应该珍惜” 是带有价值判断的建议，隐含对茶叶的重视和正面态度；
“为浪费感到可耻” 明确表达了对浪费行为的否定与谴责，属于负面情感。

虽然前半句有正面倾向，但后半句直接使用“可耻”这一强烈负面词汇，且整体语境是对“浪费”行为的批评。结合规则中“2 = 负面”，以及类似结构（如“果树死亡导致损失”归为2），该句的情感主导面为负面。

答案：2",T,,,,
17,neutral,"The sentence: ""我们可以使用一种特殊的米制作畲族特色的@@乌米饭##"" simply states a fact about using a special rice to make a traditional dish. There is no explicit positive or negative emotion expressed—it’s informative.

Given the key, the sentiment of this sentence is: 0.",T,"首先，我需要根据给定的规则分类语句的情感倾向。规则是：

0 = 中性

1 = 正面

2 = 负面

现在，分析语句：""我们可以使用一种特殊的米制作畲族特色的@@乌米饭##""

关键部分是""@@乌米饭##""，但情感倾向不是只基于关键词，而是基于整个语句的语境。

回顾例子：

负面例子：""种植的@@果树##大面积死亡对于农民是很大的损失"" – 关键词是""@@果树##""，但情感是负面因为描述的是死亡和损失。

正面例子：""中国人民利用自己的智慧制作出了@@月饼##"" – 关键词是""@@月饼##""，但情感是正面因为强调智慧和制作出。

中性例子：""吃@@粽子##是中国传统文化"" – 关键词是""@@粽子##""，但情感是中性因为只是陈述事实，没有积极或消极情绪。

在这个语句中：""我们可以使用一种特殊的米制作畲族特色的@@乌米饭##""

语句描述了能够使用特殊的米制作乌米饭，这听起来像是一个积极的、有能力的行为。

它没有表达任何负面情绪，如损失、困难或批评。

它也没有只是中性陈述事实；它强调了""可以制作""，这暗示了一种积极的能力或机会。

比较类似例子：

""中国人民利用自己的智慧制作出了@@月饼##"" 是正面，因为""制作出了""表示成就。

这里，""我们可以使用...制作..."" 也表示一种积极的行为和能力。

因此，这个语句的情感倾向应该是正面的，对应1。

最终答案应为1。",根据给定的规则和语句内容，语句“我们可以使用一种特殊的米制作畲族特色的@@乌米饭##”的情感倾向是1（正面）。理由如下：该语句强调了“可以使用”和“制作”，体现了积极的能力、创造性和文化传承，类似于例子中的正面情感分类（如“中国人民利用自己的智慧制作出了@@月饼##”），因此属于正面情感。,FN,"语句：“我们可以使用一种特殊的米制作畲族特色的@@乌米饭##”

分析：
该句陈述了一个事实性的方法或可能性（“可以使用……制作”），没有明显表达情感倾向。
“特殊”一词可能带有轻微正面色彩，但在此语境中更偏向客观描述而非强烈褒义。
整体语气中性，类似于“吃粽子是中国传统文化”，只是介绍一种做法或文化现象。

因此，根据规则和示例类比：

答案：0",T,,,,
18,neutral,"The sentence ""VangzSauqingh guhhong youq naz ndaem @@haeux##"" appears to be neutral in tone, as it doesn’t express any obvious positive or negative sentiment.

Given the key, the sentiment of this sentence is: 0.",T,"首先，用户提供了一些规则和例子，用于分类语句的情感倾向：

0 = 中性

1 = 正面

2 = 负面

例子中，每个语句都包含一个被@@和##包围的关键词，比如“@@果树##”、“@@月饼##”、“@@粽子##”。情感倾向基于这些关键词在语句中的上下文。

现在，用户给出了一个新的语句：""VangzSauqingh guhhong youq naz ndaem @@haeux##""，我需要根据关键词""@@haeux##""来判断情感倾向。

关键词是""@@haeux##""。我需要理解这个关键词的含义。语句是""VangzSauqingh guhhong youq naz ndaem @@haeux##""。这看起来像是一种我不熟悉的语言。可能是壮语或某种少数民族语言？用户没有指定语言，所以我应该基于给定的规则和例子来推理。

在例子中，情感倾向是基于关键词在语句中的上下文。例如：

""种植的@@果树##大面积死亡对于农民是很大的损失"" – 关键词""果树""在负面上下文中（死亡、损失），所以是2（负面）。

""中国人民利用自己的智慧制作出了@@月饼##"" – 关键词""月饼""在正面上下文中（智慧制作出），所以是1（正面）。

""吃@@粽子##是中国传统文化"" – 关键词""粽子""在中性上下文中（传统文化），所以是0（中性）。

所以，对于新语句，我需要看关键词""@@haeux##""在语句中的上下文。

语句：""VangzSauqingh guhhong youq naz ndaem @@haeux##""

我尝试翻译或理解这个语句。假设""VangzSauqingh""可能是一个人名或地名，""guhhong""可能意思是""工作""，""youq""可能意思是""在""，""naz""可能意思是""田""，""ndaem""可能意思是""种植""，""@@haeux##""可能意思是""稻谷""或类似的东西。从上下文看，""haeux""在壮语中常指""稻米""或""粮食""。

所以，整个语句可能意思是""VangzSauqingh 在田里种植稻谷工作""或类似。这是一个中性的陈述，描述一个活动，没有明显的正面或负面情感。

与例子比较：

中性例子：""吃@@粽子##是中国传统文化"" – 描述一个传统活动，没有情感色彩。

这里，语句描述一个人在田里种植稻谷，这似乎是一个日常农业活动，没有提到任何积极或消极的结果。

因此，情感倾向应该是中性，即0。

用户要求输出情感倾向在0-2之间，就像例子中一样。

所以，对于语句：""VangzSauqingh guhhong youq naz ndaem @@haeux##""，根据关键词""@@haeux##""，情感倾向是0。","根据提供的规则和例子，情感倾向分类基于关键词（被@@和##包围的部分）在语句中的上下文。对于语句“VangzSauqingh guhhong youq naz ndaem @@haeux##”，关键词“@@haeux##”在语境中描述了一个中性的农业活动（种植稻谷），没有表现出明显的正面或负面情感。因此，该句的情感倾向是中性。

情感倾向是（0-2）：0",T,"由于句子“VangzSauqingh guhhong youq naz ndaem @@haeux##”中未包含明确的情感关键词，且无法从现有信息判断其情感倾向，因此根据规则应归类为中性。

答案：0",T,,,,
19,positive,"The sentence ""DoengzSaugyanh dwg vunz Bouxcuengh de doiq gij reihnaz ndaem @@makangqh## de angq haeuq haeuq"" seems to be descriptive and factual, without expressing clear positive or negative emotion.

Given the key, the sentiment of this sentence is: 0.",FN,"首先，我需要理解规则：情感倾向基于关键词（被@@和##包围的部分）在语句中的上下文。规则是：

0 = 中性

1 = 正面

2 = 负面

例子：

“种植的@@果树##大面积死亡对于农民是很大的损失” → 负面（2），因为果树死亡是损失。

“中国人民利用自己的智慧制作出了@@月饼##” → 正面（1），因为制作月饼体现了智慧。

“吃@@粽子##是中国传统文化” → 中性（0），因为只是陈述事实，没有明显情感。

最后一个例子是壮语语句，我需要分析。

现在，给定的语句是：“DoengzSaugyanh dwg vunz Bouxcuengh de doiq gij reihnaz ndaem @@makangqh## de angq haeuq haeuq”

关键词是“@@makangqh##”，这应该是“芒果”或类似的东西。语句是壮语，我需要理解其含义。

让我尝试翻译这个壮语语句。壮语是广西等地的语言，我可能不熟悉，但可以根据上下文猜测。

“DoengzSaugyanh” 可能是一个人名或称呼。

“dwg” 意思是“是”。

“vunz Bouxcuengh” 意思是“壮族人”或“壮族人民”。

“de” 意思是“他”或“她”。

“doiq” 可能意思是“对”或“对于”。

“gij reihnaz” 可能意思是“田地”或“农田”。

“ndaem” 可能意思是“种植”。

“@@makangqh##” 应该是“芒果”，因为“mak”在壮语中常表示“果子”，“angqh”可能表示“芒果”。

“de angq haeuq haeuq” – “angq” 可能意思是“高兴”，“haeuq haeuq” 可能表示“非常”或“很”。

所以，整个语句可能意思是：“DoengzSaugyanh 是壮族人，他对于种植芒果的田地很高兴” 或类似。

更精确地，基于结构：“DoengzSaugyanh 是壮族人，他对种植芒果的田地非常高兴。”

现在，情感倾向：关键词是“@@makangqh##”（芒果）。上下文是“他对种植芒果的田地非常高兴”。所以，这表达了积极的情感，因为“高兴”表示快乐或满意。

因此，情感倾向应该是正面（1）。

与例子比较：

在负面例子中，关键词“果树”与“死亡”相关，导致负面。

在正面例子中，关键词“月饼”与“智慧”相关，导致正面。

在中性例子中，关键词“粽子”与传统文化相关，没有情感色彩。

这里，关键词“芒果”与“高兴”相关，所以应该是正面。

所以，答案应该是1。","根据提供的规则和例子，情感倾向分类基于关键词（被@@和##包围的部分）在语句中的上下文。对于语句“DoengzSaugyanh dwg vunz Bouxcuengh de doiq gij reihnaz ndaem @@makangqh## de angq haeuq haeuq”，关键词“@@makangqh##”（芒果）在语境中与“angq haeuq haeuq”（非常高兴）相关联，表达了一种积极的情绪，因此该句的情感倾向是正面。

情感倾向是（0-2）：1",T,"根据提供的壮语句子“DoengzSaugyanh dwg vunz Bouxcuengh de doiq gij reihnaz ndaem @@makangqh## de angq haeuq haeuq”，结合关键词 @@makangqh##（推测为“芒果”或类似作物），分析如下：

句子结构与情感判断：  
   该句大意可能为“种植芒果是壮族人民对土地的合理利用，且长势良好”（基于词汇如 doiq“适合/利用”、angq haeuq haeuq“茂盛/茁壮”等推测）。  
   动词短语 angq haeuq haeuq 通常带有积极色彩，描述植物生长旺盛的状态。

关键词关联性：  
   @@makangqh##（芒果）作为中性名词，但结合上下文中的积极描述（如“合理利用”“长势好”），整体情感偏向正面。

对比示例逻辑：  
   若句子强调文化传承（如“制作月饼”）则为正面（1）；若陈述事实无情感倾向则为中性（0）。此处明确包含积极状态的描述。

综上，该句的情感倾向应归类为 1（正面）。

答案：1",T,,,,
20,neutral,"The sentence ""Youq Bouxcuengh daengz @@oij## dwg cungj loekliek guh dangz raixcaix caenhcaen"" appears to describe something in a factual or neutral way, without expressing clear positive or negative sentiment.

Given the key, the sentiment of this sentence is: 0.",T,"首先，我需要理解规则：情感倾向基于关键词（被@@和##包围的部分）在语句中的上下文。分类为0（中性）、1（正面）或2（负面）。

现在，分析给定的语句：""Youq Bouxcuengh daengz @@oij## dwg cungj loekliek guh dangz raixcaix caenhcaen""

关键词是""@@oij##""，这应该是壮语中的词。从上下文看，""oij""可能意思是""甘蔗""，因为壮语中""oij""常指甘蔗。

语句翻译：我需要理解整个句子的意思。看起来是壮语。让我尝试翻译：

""Youq Bouxcuengh"" 可能意思是""在壮族""或""壮族中""。

""daengz"" 可能意思是""到""或""关于""。

""@@oij##"" 是关键词，可能指""甘蔗""。

""dwg"" 可能意思是""是""。

""cungj loekliek"" 可能意思是""一种材料""或""一种东西""？""loekliek"" 可能对应""材料""或""资源""。

""guh dangz"" 可能意思是""做糖""。

""raixcaix"" 可能意思是""非常""或""很""。

""caenhcaen"" 可能意思是""重要""或""有用""。

整个句子可能意思是：""在壮族中，甘蔗是一种非常重要的制糖材料。"" 或者类似。

现在，评估情感倾向：句子在描述甘蔗的用途，特别是用于制糖，并且说它非常有用或重要。这听起来是正面的，因为它强调了甘蔗的价值。

与例子比较：

负面例子：关键词""果树""与""死亡""和""损失""相关，所以负面。

正面例子：关键词""月饼""与""智慧制作""相关，所以正面。

中性例子：关键词""粽子""与""传统文化""相关，没有明显情感，所以中性。

在这里，关键词""oij""（甘蔗）与""非常重要的制糖材料""相关，这表达了积极的价值，所以情感倾向应该是正面。

因此，情感倾向应该是1。","根据提供的规则和例子，情感倾向分类基于关键词（被@@和##包围的部分）在语句中的上下文。对于语句“Youq Bouxcuengh daengz @@oij## dwg cungj loekliek guh dangz raixcaix caenhcaen”，关键词“@@oij##”（甘蔗）在语境中描述为“一种非常重要的制糖材料”，强调其价值和用途，表达了一种积极的评价，因此该句的情感倾向是正面。

情感倾向是（0-2）：1",FN,"根据句子“Youq Bouxcuengh daengz @@oij## dwg cungj loekliek guh dangz raixcaix caenhcaen”及关键词 @@oij##（推测为“油鸡”或类似食物），分析如下：

句子结构与情感判断：  
   大意可能为“在壮族地区，油鸡是传统节庆中常见的美味佳肴”（基于词汇如 cungj loekliek“传统美食”、dangz raixcaix“重要场合”、caenhcaen“普遍/常见”等推测）。  
   语境强调食物的文化意义和受欢迎程度，隐含对传统习俗的肯定。

关键词关联性：  
   @@oij## 作为中性名词，但结合上下文中的积极描述（如“传统美食”“重要场合”），整体情感偏向正面。

对比示例逻辑：  
   若陈述文化属性且无负面表述（如“制作月饼”）则为正面（1）；若仅陈述事实则为中性（0）。此处明确包含对传统习俗的积极评价。

综上，该句的情感倾向应归类为 1（正面）。

答案：1",FN,,,,
21,negative,"The sentence ""Danz Gunghbingj haemq youqsim gij swyouz guh yaemz Bouxcuengh behbienq heuhguh @@ieng bek## lauxsae couhdwg caeuq dai bae lo"" seems to describe actions or events without expressing strong positive or negative emotion.

Given the key, the sentiment of this sentence is: 0.",FP,"首先，我需要理解用户提供的规则和例子。规则是分类语句的情感倾向：0表示中性，1表示正面，2表示负面。例子显示了如何根据关键词（用@@和##包围的部分）来判断情感。

现在，分析当前的语句：""Danz Gunghbingj haemq youqsim gij swyouz guh yaemz Bouxcuengh behbienq heuhguh @@ieng bek## lauxsae couhdwg caeuq dai bae lo""

关键词是""@@ieng bek##""，这看起来像是一个名词短语。我需要理解这个语句的意思。语句是壮语（Zhuang language），所以我可能需要翻译或理解其内容。

从上下文看，语句似乎提到一个人名""Danz Gunghbingj""（可能是谭公炳），以及一些动作。关键词""ieng bek""可能指的是""烟斗""或类似的东西，但我不确定。让我尝试解析语句：

""Danz Gunghbingj""：可能是一个人名。

""haemq youqsim""：可能意思是""很关心""或""关注""。

""gij swyouz guh yaemz Bouxcuengh behbienq""：可能意思是""自由制作壮歌变调""或类似。

""heuhguh @@ieng bek##""：""heuhguh""可能意思是""叫做""或""称为""，所以关键词是""ieng bek""，可能指""烟斗""。

""lauxsae couhdwg caeuq dai bae lo""：""lauxsae""意思是""老师""，""couhdwg""可能意思是""就是""，""caeuq dai bae lo""可能意思是""和死去了""或""去世了""。

所以，整个语句可能是在说：""谭公炳很关心自由制作壮歌变调，称为@@ieng bek##，老师就是和死去了""。

这听起来有点混乱。或许""ieng bek""是一个特定术语。在壮语中，""ieng""可能指""烟""，""bek""可能指""斗""，所以""烟斗""。但语句中提到""老师就是和死去了""，这暗示了死亡或负面事件。

现在，根据情感分类规则，我需要看关键词""@@ieng bek##""在语句中的上下文是否表达正面、负面或中性情感。

从语句的后半部分：""lauxsae couhdwg caeuq dai bae lo"" – ""老师就是和死去了""，这明显提到了死亡，因此情感是负面的。

在例子中，当关键词与负面事件相关时，如""果树大面积死亡""，情感是负面（2）。这里，关键词""ieng bek""被提及在上下文中有死亡事件，所以情感应该负面。

确认关键词的位置：关键词是""@@ieng bek##""，它是""heuhguh""的对象，意思是""称为烟斗""。但整个语句的焦点是谭公炳关心某事，但老师去世了，这可能会影响情感。

语句结构：""Danz Gunghbingj haemq youqsim gij swyouz guh yaemz Bouxcuengh behbienq heuhguh @@ieng bek## lauxsae couhdwg caeuq dai bae lo""

可能意思是：""谭公炳很关心自由制作壮歌变调，称为烟斗，老师就是和死去了。""

这里，""老师""可能指的是谭公炳本人或另一个人？但无论如何，""死去了""表示死亡，所以情感是负面的。

因此，对于关键词""@@ieng bek##""，它在语句中与死亡事件相关联，所以情感倾向应该是负面。

所以，答案应该是2。","根据提供的规则和例子，情感倾向分类基于关键词（被@@和##包围的部分）在语句中的上下文。对于语句“Danz Gunghbingj haemq youqsim gij swyouz guh yaemz Bouxcuengh behbienq heuhguh @@ieng bek## lauxsae couhdwg caeuq dai bae lo”，关键词“@@ieng bek##”在语境中与“lauxsae couhdwg caeuq dai bae lo”（老师就是和死去了）相关联，表达了一种负面事件（死亡），因此该句的情感倾向是负面。

情感倾向是（0-2）：2",T,"根据句子“Danz Gunghbingj haemq youqsim gij swyouz guh yaemz Bouxcuengh behbienq heuhguh @@ieng bek## lauxsae couhdwg caeuq dai bae lo”及关键词 @@ieng bek##（推测为“银耳”或类似食材），分析如下：

句子结构与情感判断：  
   大意可能为“邓小平曾关心壮族地区的经济发展，并提倡种植银耳等作物以改善民生”（基于词汇如 haemq youqsim“关心”、gij swyouz“经济”、behbienq heuhguh“提倡/号召”、dai bae lo“带来收益”等推测）。  
   语境强调领导人对壮族地区经济的积极干预和政策支持，隐含对发展成果的肯定。

关键词关联性：  
   @@ieng bek## 作为中性名词，但结合上下文中的正面描述（如“关心”“提倡”“带来收益”），整体情感偏向正面。

对比示例逻辑：  
   若涉及政策成效或积极行动（如“制作月饼”）则为正面（1）；若陈述事实无情感倾向则为中性（0）。此处明确包含对政策成效的积极评价。

综上，该句的情感倾向应归类为 1（正面）。

答案：1",FN,,,,
22,neutral,"The sentence ""@@Bongq lwed/saej lwed## yaemz Bouxcuengh caeuq gij bongq lwed baekfang gwn ndaej doxbeij mbouj doengz de ndawde gaej rongz hoengzsej daengj loekliek"" appears to be descriptive and factual, without expressing clear positive or negative emotion.

Given the key, the sentiment of this sentence is: 0.",T,"首先，我需要理解用户提供的规则和例子。规则是分类语句的情感倾向：0表示中性，1表示正面，2表示负面。例子显示了如何根据关键词（用@@和##标记）来判断情感倾向。

现在，分析当前的语句：""@@Bongq lwed/saej lwed## yaemz Bouxcuengh caeuq gij bongq lwed baekfang gwn ndaej doxbeij mbouj doengz de ndawde gaej rongz hoengzsej daengj loekliek""

关键词是""@@Bongq lwed/saej lwed##""，这看起来是壮语或某种方言。我需要理解这句话的意思来评估情感倾向。

从上下文看，语句似乎在讨论""Bongq lwed/saej lwed""（可能是一种食物或物品），并与""bongq lwed baekfang""（可能指北方的类似物）进行比较。句子中有""mbouj doengz""（不同）、""gaej rongz hoengzsej""（可能指不要加入红色色素？）和""loekliek""（重要或关键）。

关键点是：句子在比较两种东西，并提到不要加入红色色素等，这听起来像是中性的描述或建议，没有明显的正面或负面情感。

回顾例子：

负面例子：关键词""果树""与""死亡""和""损失""相关，所以负面。

正面例子：关键词""月饼""与""智慧制作""相关，所以正面。

中性例子：关键词""粽子""与""传统文化""相关，没有情感色彩，所以中性。

在这个语句中，关键词""Bongq lwed/saej lwed""被描述为与北方版本不同，并建议不要加入红色色素等。这似乎是一个事实性的比较或指导，没有表达喜悦、赞扬或悲伤、批评。

因此，情感倾向应该是中性的。

最终答案应为0。","根据提供的规则和例子，情感倾向分类基于关键词（被@@和##包围的部分）在语句中的上下文。对于语句“@@Bongq lwed/saej lwed## yaemz Bouxcuengh caeuq gij bongq lwed baekfang gwn ndaej doxbeij mbouj doengz de ndawde gaej rongz hoengzsej daengj loekliek”，关键词“@@Bongq lwed/saej lwed##”在语境中描述了一种比较和制作建议（如与北方血肠不同，不要加入红色色素等），这是一种事实性描述，没有表达明显的正面或负面情绪，因此该句的情感倾向是中性。

情感倾向是（0-2）：0",T,"根据句子“@@Bongq lwed/saej lwed## yaemz Bouxcuengh caeuq gij bongq lwed baekfang gwn ndaej doxbeij mbouj doengz de ndawde gaej rongz hoengzsej daengj loekliek”及关键词 @@Bongq lwed/saej lwed##（推测为“竹鼠肉”或类似特色食材），分析如下：

句子结构与情感判断：  
   大意可能为“壮族人和其他地方的人吃竹鼠肉的方式不同，这种差异体现了独特的饮食文化”（基于词汇如 yaemz“吃”、mbouj doengz“不同”、daengj loekliek“文化特点”等推测）。  
   语境强调饮食文化的多样性和独特性，属于对传统习俗的客观描述。

关键词关联性：  
   @@Bongq lwed/saej lwed## 作为中性名词，未直接表达情感倾向，但结合上下文仅陈述文化差异的事实。

对比示例逻辑：  
   若仅说明文化属性且无褒贬（如“吃粽子是传统文化”）则为中性（0）；若涉及负面结果（如“果树死亡”）则为负面（2）。此处无明确情感色彩。

综上，该句的情感倾向应归类为 0（中性）。

答案：0",T,,,,
